Country,Density,Abbreviation,Agricultural Land( %),Land Area(Km2),Armed Forces size,Birth Rate,Capital/Major City,Co2-Emissions,CPI,CPI Change (%),Currency-Code,Fertility Rate,Forested Area (%),Gasoline Price,GDP,Gross primary education enrollment (%),Gross tertiary education enrollment (%),Infant mortality,Largest city,Life expectancy,Maternal mortality ratio,Minimum wage,Official language,Out of pocket health expenditure,Physicians per thousand,Population,Population: Labor force participation (%),Tax revenue (%),Total tax rate,Unemployment rate,Urban_population
Afghanistan,60,AF,0.581,652230.0,323000.0,32.49,Kabul,8672.0,149.9,0.023,AFN,4.47,0.021,0.7,19101353833.0,1.04,0.097,47.9,Kabul,64.5,638.0,0.43,Pashto,0.784,0.28,38041754.0,0.489,0.093,0.714,0.1112,9797273.0
Albania,105,AL,0.431,28748.0,9000.0,11.78,Tirana,4536.0,119.05,0.014,ALL,1.62,0.281,1.36,15278077447.0,1.07,0.55,7.8,Tirana,78.5,15.0,1.12,Albanian,0.569,1.2,2854191.0,0.557,0.186,0.366,0.1233,1747593.0
Algeria,18,DZ,0.174,2381741.0,317000.0,24.28,Algiers,150006.0,151.36,0.02,DZD,3.02,0.008,0.28,169988236398.0,1.099,0.514,20.1,Algiers,76.7,112.0,0.95,Arabic,0.281,1.72,43053054.0,0.412,0.372,0.661,0.117,31510100.0
Andorra,164,AD,0.4,468.0,,7.2,Andorra la Vella,469.0,,,EUR,1.27,0.34,1.51,3154057987.0,1.064,,2.7,Andorra la Vella,,,6.63,Catalan,0.364,3.33,77142.0,,,,,67873.0
Angola,26,AO,0.475,1246700.0,117000.0,40.73,Luanda,34693.0,261.73,0.171,AOA,5.52,0.463,0.97,94635415870.0,1.135,0.093,51.6,Luanda,60.8,241.0,0.71,Portuguese,0.334,0.21,31825295.0,0.775,0.092,0.491,0.0689,21061025.0
Antigua and Barbuda,223,AG,0.205,443.0,0.0,15.33,"St. John's, Saint John",557.0,113.81,0.012,XCD,1.99,0.223,0.99,1727759259.0,1.05,0.248,5.0,"St. John's, Saint John",76.9,42.0,3.04,English,0.243,2.76,97118.0,,0.165,0.43,,23800.0
Argentina,17,AR,0.543,2780400.0,105000.0,17.02,Buenos Aires,201348.0,232.75,0.535,ARS,2.26,0.098,1.1,449663446954.0,1.097,0.9,8.8,Buenos Aires,76.5,39.0,3.35,Spanish,0.176,3.96,44938712.0,0.613,0.101,1.063,0.0979,41339571.0
Armenia,104,AM,0.589,29743.0,49000.0,13.99,Yerevan,5156.0,129.18,0.014,AMD,1.76,0.117,0.77,13672802158.0,0.927,0.546,11.0,Yerevan,74.9,26.0,0.66,Armenian,0.816,4.4,2957731.0,0.556,0.209,0.226,0.1699,1869848.0
Australia,3,AU,0.482,7741220.0,58000.0,12.6,Canberra,375908.0,119.8,0.016,AUD,1.74,0.163,0.93,1392680589329.0,1.003,1.131,3.1,Sydney,82.7,6.0,13.59,,0.196,3.68,25766605.0,0.655,0.23,0.474,0.0527,21844756.0
Austria,109,AT,0.324,83871.0,21000.0,9.7,Vienna,61448.0,118.06,0.015,EUR,1.47,0.469,1.2,446314739528.0,1.031,0.851,2.9,Vienna,81.6,5.0,,German,0.179,5.17,8877067.0,0.607,0.254,0.514,0.0467,5194416.0
Azerbaijan,123,AZ,0.577,86600.0,82000.0,14.0,Baku,37620.0,156.32,0.026,AZN,1.73,0.141,0.56,39207000000.0,0.997,0.277,19.2,Baku,72.9,26.0,0.47,Azerbaijani language,0.786,3.45,10023318.0,0.665,0.13,0.407,0.0551,5616165.0
The Bahamas,39,BS,0.014,13880.0,1000.0,13.97,"Nassau, Bahamas",1786.0,116.22,0.025,,1.75,0.514,0.92,12827000000.0,0.814,0.151,8.3,"Nassau, Bahamas",73.8,70.0,5.25,English,0.278,1.94,389482.0,0.746,0.148,0.338,0.1036,323784.0
Bahrain,2239,BH,0.111,765.0,19000.0,13.99,Manama,31694.0,117.59,0.021,BHD,1.99,0.008,0.43,38574069149.0,0.994,0.505,6.1,Riffa,77.2,14.0,,Arabic,0.251,0.93,1501635.0,0.734,0.042,0.138,0.0071,1467109.0
Bangladesh,1265,BD,0.706,148460.0,221000.0,18.18,Dhaka,84246.0,179.68,0.056,BDT,2.04,0.11,1.12,302571254131.0,1.165,0.206,25.1,Dhaka,72.3,173.0,0.51,Bengali,0.718,0.58,167310838.0,0.59,0.088,0.334,0.0419,60987417.0
Barbados,668,BB,0.233,430.0,1000.0,10.65,Bridgetown,1276.0,134.09,0.041,BBD,1.62,0.147,1.81,5209000000.0,0.994,0.654,11.3,Bridgetown,79.1,27.0,3.13,English,0.452,2.48,287025.0,0.652,0.275,0.356,0.1033,89431.0
Belarus,47,BY,0.42,207600.0,155000.0,9.9,Minsk,58280.0,,0.056,BYN,1.45,0.426,0.6,63080457023.0,1.005,0.874,2.6,Minsk,74.2,2.0,1.49,Russian,0.345,5.19,9466856.0,0.641,0.147,0.533,0.0459,7482982.0
Belgium,383,BE,0.446,30528.0,32000.0,10.3,City of Brussels,96889.0,117.11,0.014,EUR,1.62,0.226,1.43,529606710418.0,1.039,0.797,2.9,Brussels,81.6,5.0,10.31,French,0.176,3.07,11484055.0,0.536,0.24,0.554,0.0559,11259082.0
Belize,17,BZ,0.07,22966.0,2000.0,20.79,Belmopan,568.0,105.68,-0.009,BZD,2.31,0.597,1.13,1879613600.0,1.117,0.247,11.2,Belize City,74.5,36.0,1.65,English,0.227,1.12,390353.0,0.651,0.263,0.311,0.0641,179039.0
Benin,108,BJ,0.333,112622.0,12000.0,36.22,Porto-Novo,6476.0,110.71,-0.009,XOF,4.84,0.378,0.72,14390709095.0,1.22,0.123,60.5,Cotonou,61.5,397.0,0.39,French,0.405,0.08,11801151.0,0.709,0.108,0.489,0.0223,5648149.0
Bhutan,20,BT,0.136,38394.0,6000.0,17.26,Thimphu,1261.0,167.18,0.027,,1.98,0.725,0.98,2446674101.0,1.001,0.156,24.8,Thimphu,71.5,183.0,0.32,Dzongkha,0.198,0.42,727145.0,0.667,0.16,0.353,0.0234,317538.0
Bolivia,11,BO,0.348,1098581.0,71000.0,21.75,Sucre,21606.0,148.32,0.018,BOB,2.73,0.503,0.71,40895322865.0,0.982,,21.8,Santa Cruz de la Sierra,71.2,155.0,1.36,Spanish,0.259,1.59,11513100.0,0.718,0.17,0.837,0.035,8033035.0
Bosnia and Herzegovina,64,BA,0.431,51197.0,11000.0,8.11,Sarajevo,21848.0,104.9,0.006,BAM,1.27,0.427,1.05,20047848435.0,,0.233,5.0,Tuzla Canton,77.3,10.0,1.04,Bosnian,0.286,2.16,3301000.0,0.464,0.204,0.237,0.1842,1605144.0
Botswana,4,BW,0.456,581730.0,9000.0,24.82,Gaborone,6340.0,149.75,0.028,BWP,2.87,0.189,0.71,18340510789.0,1.032,0.249,30.0,Gaborone,69.3,144.0,0.29,English,0.053,0.37,2346179.0,0.708,0.195,0.251,0.1819,1616550.0
Brazil,25,BR,0.339,8515770.0,730000.0,13.92,BrasÔøΩÔøΩÔøΩ,462299.0,167.4,0.037,BRL,1.73,0.589,1.02,1839758040766.0,1.154,0.513,12.8,SÔøΩÔøΩÔøΩÔøΩ,75.7,60.0,1.53,Portuguese,0.283,2.15,212559417.0,0.639,0.142,0.651,0.1208,183241641.0
Brunei,83,BN,0.027,5765.0,8000.0,14.9,Bandar Seri Begawan,7664.0,99.03,-0.004,BND,1.85,0.721,0.37,13469422941.0,1.032,0.314,9.8,,75.7,31.0,,Malay,0.06,1.61,433285.0,0.647,,0.08,0.0912,337711.0
Bulgaria,64,BG,0.463,110879.0,31000.0,8.9,Sofia,41708.0,114.42,0.031,BGN,1.56,0.354,1.11,86000000000.0,0.893,0.71,5.9,Sofia,74.9,10.0,1.57,Bulgarian,0.477,4.03,6975761.0,0.554,0.202,0.283,0.0434,5256027.0
Burkina Faso,76,BF,0.442,274200.0,11000.0,37.93,Ouagadougou,3418.0,106.58,-0.032,XOF,5.19,0.193,0.98,15745810235.0,0.961,0.065,49.0,Ouagadougou,61.2,320.0,0.34,French,0.361,0.08,20321378.0,0.664,0.15,0.413,0.0626,6092349.0
Burundi,463,BI,0.792,27830.0,31000.0,39.01,Bujumbura,495.0,182.11,-0.007,BIF,5.41,0.109,1.21,3012334882.0,1.214,0.061,41.0,Bujumbura,61.2,548.0,,Kirundi,0.191,0.1,11530580.0,0.792,0.136,0.412,0.0143,1541177.0
Ivory Coast,83,CI,0.648,322463.0,27000.0,35.74,Yamoussoukro,9674.0,111.61,-0.009,XOF,4.65,0.327,0.93,58792205642.0,0.998,0.093,59.4,Abidjan,57.4,617.0,0.36,French,0.36,0.23,25716544.0,0.57,0.118,0.501,0.0332,13176900.0
Cape Verde,138,CV,0.196,4033.0,1000.0,19.49,Praia,543.0,110.5,0.011,CVE,2.27,0.225,1.02,1981845741.0,1.04,0.236,16.7,Praia,72.8,58.0,0.68,Portuguese,0.232,0.77,483628.0,0.605,0.201,0.375,0.1225,364029.0
Cambodia,95,KH,0.309,181035.0,191000.0,22.46,Phnom Penh,9919.0,127.63,0.025,,2.5,0.529,0.9,27089389787.0,1.074,0.137,24.0,Phnom Penh,69.6,160.0,,Khmer language,0.594,0.17,16486542.0,0.823,0.171,0.231,0.0068,3924621.0
Cameroon,56,CM,0.206,475440.0,24000.0,35.39,YaoundÔøΩ,8291.0,118.65,0.025,XAF,4.57,0.393,1.03,38760467033.0,1.034,0.128,50.6,Douala,58.9,529.0,0.35,French,0.697,0.09,25876380.0,0.761,0.128,0.577,0.0338,14741256.0
Canada,4,CA,0.069,9984670.0,72000.0,10.1,Ottawa,544894.0,116.76,0.019,CAD,1.5,0.382,0.81,1736425629520.0,1.009,0.689,4.3,Toronto,81.9,10.0,9.51,French,0.146,2.61,36991981.0,0.651,0.128,0.245,0.0556,30628482.0
Central African Republic,8,CF,0.082,622984.0,8000.0,35.35,Bangui,297.0,186.86,0.371,,4.72,0.356,1.41,2220307369.0,1.02,0.03,84.5,Bangui,52.8,829.0,0.37,French,0.396,0.06,4745185.0,0.72,0.086,0.733,0.0368,1982064.0
Chad,13,TD,0.397,1284000.0,35000.0,42.17,N'Djamena,1016.0,117.7,-0.01,XAF,5.75,0.038,0.78,11314951343.0,0.868,0.033,71.4,N'Djamena,54.0,1140.0,0.6,French,0.564,0.04,15946876.0,0.707,,0.635,0.0189,3712273.0
Chile,26,CL,0.212,756096.0,122000.0,12.43,Santiago,85822.0,131.91,0.026,CLP,1.65,0.243,1.03,282318159745.0,1.014,0.885,6.2,Santiago,80.0,13.0,2.0,Spanish,0.322,2.59,18952038.0,0.626,0.182,0.34,0.0709,16610135.0
China,153,CN,0.562,9596960.0,2695000.0,10.9,Beijing,9893038.0,125.08,0.029,CNY,1.69,0.224,0.96,19910000000000.0,1.002,0.506,7.4,Shanghai,77.0,29.0,0.87,Standard Chinese,0.324,1.98,1397715000.0,0.68,0.094,0.592,0.0432,842933962.0
Colombia,46,CO,0.403,1138910.0,481000.0,14.88,BogotÔøΩ,97814.0,140.95,0.035,COP,1.81,0.527,0.68,323802808108.0,1.145,0.553,12.2,BogotÔøΩ,77.1,83.0,1.23,Spanish,0.183,2.18,50339443.0,0.688,0.144,0.712,0.0971,40827302.0
Comoros,467,KM,0.715,2235.0,,31.88,"Moroni, Comoros",202.0,103.62,-0.043,KMF,4.21,0.197,,1185728677.0,0.995,0.09,51.3,"Moroni, Comoros",64.1,273.0,0.71,French,0.748,0.27,850886.0,0.433,,2.196,0.0434,248152.0
Republic of the Congo,16,,0.311,342000.0,12000.0,32.86,Brazzaville,3282.0,124.74,0.022,XAF,4.43,0.654,0.97,10820591131.0,1.066,0.127,36.2,Brazzaville,64.3,378.0,0.88,French,0.438,0.12,5380508.0,0.694,0.09,0.543,0.0947,3625010.0
Costa Rica,100,CR,0.345,51100.0,10000.0,13.97,San JosÔøΩÔøΩÔøΩÔøΩÔøΩÔøΩ,8023.0,128.85,0.021,CRC,1.75,0.546,0.98,61773944174.0,1.133,0.552,7.6,San JosÔøΩÔøΩÔøΩÔøΩÔøΩÔøΩ,80.1,27.0,1.84,Spanish,0.215,2.89,5047561.0,0.621,0.136,0.583,0.1185,4041885.0
Croatia,73,HR,0.276,56594.0,18000.0,9.0,Zagreb,17488.0,109.82,0.008,HRK,1.47,0.344,1.26,60415553039.0,0.965,0.679,4.0,Zagreb,78.1,8.0,2.92,Croatian,0.152,3.0,4067500.0,0.512,0.22,0.205,0.0693,2328318.0
Cuba,106,CU,0.599,110860.0,76000.0,10.17,Havana,28284.0,,,CUP,1.62,0.313,1.4,100023000000.0,1.019,0.414,3.7,Havana,78.7,36.0,0.05,Spanish,,8.42,11333483.0,0.536,,,0.0164,8739135.0
Cyprus,131,CY,0.122,9251.0,16000.0,10.46,Nicosia,6626.0,102.51,0.003,EUR,1.33,0.187,1.23,24564647935.0,0.993,0.759,1.9,StatosÔøΩÔøΩÔøΩÔøΩÔøΩÔøΩÔøΩ,80.8,6.0,,Greek,0.439,1.95,1198575.0,0.631,0.245,0.224,0.0727,800708.0
Czech Republic,139,CZ,0.452,78867.0,23000.0,10.7,Prague,102218.0,116.48,0.028,CZK,1.69,0.346,1.17,246489245495.0,1.007,0.641,2.7,Prague,79.0,3.0,3.0,Czech,0.148,4.12,10669709.0,0.606,0.149,0.461,0.0193,7887156.0
Democratic Republic of the Congo,40,CD,0.116,2344858.0,134000.0,41.18,Kinshasa,2021.0,133.85,0.029,CDF,5.92,0.672,1.49,47319624204.0,1.08,0.066,68.2,Kinshasa,60.4,473.0,0.18,French,0.374,0.07,86790567.0,0.635,0.107,0.507,0.0424,39095679.0
Denmark,137,DK,0.62,43094.0,15000.0,10.6,Copenhagen,31786.0,110.35,0.008,DKK,1.73,0.147,1.55,348078018464.0,1.013,0.806,3.6,Copenhagen,81.0,4.0,,Danish,0.137,4.01,5818553.0,0.622,0.324,0.238,0.0491,5119978.0
Djibouti,43,DJ,0.734,23200.0,13000.0,21.47,Djibouti City,620.0,120.25,0.033,DJF,2.73,0.002,1.32,3318716359.0,0.753,0.053,49.8,Djibouti City,66.6,248.0,,French,0.204,0.22,973560.0,0.602,,0.379,0.103,758549.0
Dominica,96,DM,0.333,751.0,,12.0,Roseau,180.0,103.87,0.01,XCD,1.9,0.574,,596033333.0,1.147,0.072,32.9,Roseau,76.6,,1.48,English,0.284,1.08,71808.0,,0.221,0.326,,50830.0
Dominican Republic,225,DO,0.487,48670.0,71000.0,19.51,Santo Domingo,25258.0,135.5,0.018,DOP,2.35,0.417,1.07,88941298258.0,1.057,0.599,24.1,Santo Domingo,73.9,95.0,0.4,Spanish,0.437,1.56,10738958.0,0.643,0.13,0.488,0.0584,8787475.0
Ecuador,71,EC,0.222,283561.0,41000.0,19.72,Quito,41155.0,124.14,0.003,USD,2.43,0.502,0.61,107435665000.0,1.033,0.449,12.2,Quito,76.8,59.0,2.46,Spanish,0.437,2.04,17373662.0,0.68,,0.344,0.0397,11116711.0
Egypt,103,EG,0.038,1001450.0,836000.0,26.38,Cairo,238560.0,288.57,0.092,EGP,3.33,0.001,0.4,303175127598.0,1.063,0.352,18.1,Cairo,71.8,37.0,,Modern Standard Arabic,0.62,0.45,100388073.0,0.464,0.125,0.444,0.1076,42895824.0
El Salvador,313,SV,0.764,21041.0,42000.0,18.25,San Salvador,7169.0,111.23,0.001,,2.04,0.126,0.83,27022640000.0,0.948,0.294,11.8,San Salvador,73.1,46.0,0.5,Spanish,0.279,1.57,6453553.0,0.591,0.181,0.364,0.0411,4694702.0
Equatorial Guinea,50,GQ,0.101,28051.0,1000.0,33.24,Malabo,5655.0,124.35,0.012,XAF,4.51,0.555,,11026774945.0,0.618,0.019,62.6,Malabo,58.4,301.0,1.05,Spanish,0.72,0.4,1355986.0,0.62,0.061,0.794,0.0643,984812.0
Eritrea,35,ER,0.752,117600.0,202000.0,30.3,Asmara,711.0,,,ERN,4.06,0.149,2.0,2065001626.0,0.684,0.034,31.3,Asmara,65.9,480.0,,Tigrinya,0.524,0.06,6333135.0,0.784,,0.837,0.0514,1149670.0
Estonia,31,EE,0.231,45228.0,6000.0,10.9,Tallinn,16590.0,122.14,0.023,EUR,1.59,0.513,1.14,31386949981.0,0.972,0.696,2.1,Tallinn,78.2,9.0,3.14,Estonian,0.228,4.48,1331824.0,0.636,0.209,0.478,0.0511,916024.0
Eswatini,67,,,17364.0,,,Mbabane,,,,,,,,3791304348.0,,,,Mbabane,,,,English,0.113,,1093238.0,,0.286,,,
Ethiopia,115,ET,0.363,1104300.0,138000.0,32.34,Addis Ababa,14870.0,143.86,0.158,ETB,4.25,0.125,0.75,96107662398.0,1.01,0.081,39.1,Addis Ababa,66.2,401.0,,Amharic,0.378,0.08,112078730.0,0.796,0.075,0.377,0.0208,23788710.0
Fiji,49,FJ,0.233,18274.0,4000.0,21.28,Suva,2046.0,132.3,0.018,FJD,2.77,0.559,0.82,5535548972.0,1.064,0.161,21.6,Suva,67.3,34.0,1.28,Fiji Hindi,0.214,0.84,889953.0,0.576,0.242,0.321,0.041,505048.0
Finland,18,FI,0.075,338145.0,25000.0,8.6,Helsinki,45871.0,112.33,0.01,EUR,1.41,0.731,1.45,268761201365.0,1.002,0.882,1.4,Helsinki,81.7,3.0,,Swedish,0.199,3.81,5520314.0,0.591,0.208,0.366,0.0659,4716888.0
France,119,FR,0.524,643801.0,307000.0,11.3,Paris,303276.0,110.05,0.011,EUR,1.88,0.312,1.39,2715518274227.0,1.025,0.656,3.4,Paris,82.5,8.0,11.16,French,0.068,3.27,67059887.0,0.551,0.242,0.607,0.0843,54123364.0
Gabon,9,GA,0.2,267667.0,7000.0,31.61,Libreville,5321.0,122.19,0.021,XAF,3.97,0.9,0.92,16657960228.0,1.399,0.083,32.7,Libreville,66.2,252.0,1.46,French,0.259,0.68,2172579.0,0.529,0.102,0.471,0.2,1949694.0
The Gambia,239,GM,0.598,11300.0,1000.0,38.54,Banjul,532.0,172.73,0.071,GMD,5.22,0.484,1.18,1763819048.0,0.98,0.027,39.0,Serekunda,61.7,597.0,0.13,English,0.203,0.1,2347706.0,0.594,0.094,0.484,0.0906,1453958.0
Georgia,57,GE,0.345,69700.0,26000.0,13.47,Tbilisi,10128.0,133.61,0.049,GEL,2.06,0.406,0.76,17743195770.0,0.986,0.639,8.7,Tbilisi,73.6,25.0,0.05,Georgian,0.573,7.12,3720382.0,0.683,0.217,0.099,0.144,2196476.0
Germany,240,DE,0.477,357022.0,180000.0,9.5,Berlin,727973.0,112.85,0.014,EUR,1.56,0.327,1.39,3845630030824.0,1.04,0.702,3.1,Berlin,80.9,7.0,9.99,German,0.125,4.25,83132799.0,0.608,0.115,0.488,0.0304,64324835.0
Ghana,137,GH,0.69,238533.0,16000.0,29.41,Accra,16670.0,268.36,0.072,GHS,3.87,0.412,0.92,66983634224.0,1.048,0.157,34.9,Accra,63.8,308.0,0.27,English,0.361,0.14,30792608.0,0.678,0.126,0.554,0.0433,17249054.0
Greece,81,GR,0.476,131957.0,146000.0,8.1,Athens,62434.0,101.87,0.002,EUR,1.35,0.317,1.54,209852761469.0,0.996,1.366,3.6,Macedonia,81.3,3.0,4.46,Greek,0.355,5.48,10716322.0,0.518,0.262,0.519,0.1724,8507474.0
Grenada,331,GD,0.235,349.0,,16.47,"St. George's, Grenada",268.0,107.43,0.008,XCD,2.06,0.5,1.12,1228170370.0,1.069,1.046,13.7,"St. George's, Grenada",72.4,25.0,,English,0.57,1.41,112003.0,,0.194,0.478,,40765.0
Guatemala,167,GT,0.36,108889.0,43000.0,24.56,Guatemala City,16777.0,142.92,0.037,GTQ,2.87,0.327,0.79,76710385880.0,1.019,0.218,22.1,Guatemala City,74.1,95.0,1.6,Spanish,0.558,0.35,16604026.0,0.623,0.106,0.352,0.0246,8540945.0
Guinea,53,GN,0.59,245857.0,13000.0,36.36,Conakry,2996.0,262.95,0.095,GNF,4.7,0.258,0.9,13590281809.0,0.915,0.116,64.9,Kankan,61.2,576.0,,French,0.545,0.08,12771246.0,0.615,0.108,0.693,0.043,4661505.0
Guinea-Bissau,70,GW,0.58,36125.0,4000.0,35.13,Bissau,293.0,111.65,0.014,XOF,4.48,0.698,,1340389411.0,1.187,0.026,54.0,Bissau,58.0,667.0,0.16,Portuguese,0.372,0.13,1920922.0,0.72,0.103,0.455,0.0247,840922.0
Guyana,4,GY,0.086,214969.0,3000.0,19.97,"Georgetown, Guyana",2384.0,116.19,0.021,GYD,2.46,0.839,0.9,4280443645.0,0.978,0.116,25.1,"Georgetown, Guyana",69.8,169.0,0.98,English,0.405,0.8,782766.0,0.562,,0.306,0.1185,208912.0
Haiti,414,HT,0.668,27750.0,0.0,24.35,Port-au-Prince,2978.0,179.29,0.125,HTG,2.94,0.035,0.81,8498981821.0,1.136,0.011,49.5,Port-au-Prince,63.7,480.0,0.25,French,0.363,0.23,11263077.0,0.672,,0.427,0.1378,6328948.0
Vatican City,2003,,,0.0,,,Vatican City,,,,EUR,,,,,,,,,,,,Italian,,,836.0,,,,,
Honduras,89,HN,0.289,112090.0,23000.0,21.6,Tegucigalpa,9813.0,150.34,0.044,HNL,2.46,0.4,0.98,25095395475.0,0.915,0.262,15.1,Tegucigalpa,75.1,65.0,1.01,Spanish,0.491,0.31,9746117.0,0.688,0.173,0.391,0.0539,5626433.0
Hungary,107,HU,0.584,93028.0,40000.0,9.6,Budapest,45537.0,121.64,0.033,HUF,1.54,0.229,1.18,160967157504.0,1.008,0.485,3.6,Budapest,75.8,12.0,2.62,Hungarian,0.29,3.41,9769949.0,0.565,0.23,0.379,0.034,6999582.0
Iceland,3,IS,0.187,103000.0,0.0,12.0,ReykjavÔøΩÔøΩ,2065.0,129.0,0.03,ISK,1.71,0.005,1.69,24188035739.0,1.004,0.718,1.5,ReykjavÔøΩÔøΩ,82.7,4.0,,Icelandic,0.17,4.08,361313.0,0.75,0.233,0.319,0.0284,339110.0
India,464,IN,0.604,3287263.0,3031000.0,17.86,New Delhi,2407672.0,180.44,0.077,INR,2.22,0.238,0.97,2611000000000.0,1.13,0.281,29.9,Kurebhar,69.4,145.0,0.3,Hindi,0.651,0.86,1366417754.0,0.493,0.112,0.497,0.0536,471031528.0
Indonesia,151,ID,0.315,1904569.0,676000.0,18.07,Jakarta,563325.0,151.18,0.03,IDR,2.31,0.499,0.63,1119190780753.0,1.064,0.363,21.1,Kalimantan,71.5,177.0,0.48,Indonesian,0.483,0.43,270203917.0,0.675,0.102,0.301,0.0469,151509724.0
Iran,52,IR,0.282,1648195.0,563000.0,18.78,Tehran,661710.0,550.93,0.399,IRR,2.14,0.066,0.4,445345282123.0,1.107,0.681,12.4,Tehran,76.5,16.0,1.58,Persian,0.397,1.58,82913906.0,0.447,0.074,0.447,0.1138,62509623.0
Iraq,93,IQ,0.214,438317.0,209000.0,29.08,Baghdad,190061.0,119.86,0.004,IQD,3.67,0.019,0.61,234094042939.0,1.087,0.162,22.5,Baghdad,70.5,79.0,1.24,Arabic,0.765,0.71,39309783.0,0.43,0.02,0.308,0.1282,27783368.0
Republic of Ireland,72,,0.645,70273.0,9000.0,12.5,Dublin,37711.0,106.58,0.009,EUR,1.75,0.11,1.37,388698711348.0,1.009,0.778,3.1,Connacht,82.3,5.0,10.79,Irish,0.152,3.31,5007069.0,0.621,0.183,0.261,0.0493,3133123.0
Israel,400,IL,0.246,20770.0,178000.0,20.8,Jerusalem,65166.0,108.15,0.008,ILS,3.09,0.077,1.57,395098666122.0,1.049,0.634,3.0,Jerusalem,82.8,3.0,7.58,Hebrew,0.244,4.62,9053300.0,0.64,0.231,0.253,0.0386,8374393.0
Italy,206,IT,0.432,301340.0,347000.0,7.3,Rome,320411.0,110.62,0.006,EUR,1.29,0.318,1.61,2001244392042.0,1.019,0.619,2.6,Rome,82.9,2.0,,Italian,0.228,3.98,60297396.0,0.496,0.243,0.591,0.0989,42651966.0
Jamaica,273,JM,0.41,10991.0,4000.0,16.1,"Kingston, Jamaica",8225.0,162.47,0.039,JMD,1.98,0.309,1.11,16458071068.0,0.91,0.271,12.4,"Kingston, Jamaica",74.4,80.0,1.33,Jamaican English,0.237,1.31,2948279.0,0.66,0.268,0.351,0.08,1650594.0
Japan,347,JP,0.123,377944.0,261000.0,7.4,Tokyo,1135886.0,105.48,0.005,,1.42,0.685,1.06,5081769542380.0,0.988,0.632,1.8,Tokyo,84.2,5.0,6.77,,0.131,2.41,126226568.0,0.617,0.119,0.467,0.0229,115782416.0
Jordan,115,JO,0.12,89342.0,116000.0,21.98,Amman,25108.0,125.6,0.008,JOD,2.76,0.011,1.1,43743661972.0,0.815,0.344,13.9,Amman,74.4,46.0,1.49,Arabic,0.251,2.32,10101694.0,0.393,0.151,0.286,0.1472,9213048.0
Kazakhstan,7,KZ,0.804,2724900.0,71000.0,21.77,Astana,247207.0,182.75,0.052,KZT,2.84,0.012,0.42,180161741180.0,1.044,0.617,8.8,Almaty,73.2,10.0,0.41,Russian,0.388,3.25,18513930.0,0.688,0.117,0.284,0.0459,10652915.0
Kenya,94,KE,0.485,580367.0,29000.0,28.75,Nairobi,17910.0,180.51,0.047,KES,3.49,0.078,0.95,95503088538.0,1.032,0.115,30.6,Nairobi,66.3,342.0,0.25,Swahili,0.334,0.16,52573973.0,0.747,0.151,0.372,0.0264,14461523.0
Kiribati,147,KI,0.42,811.0,,27.89,South Tarawa,66.0,99.55,0.006,AUD,3.57,0.15,,194647202.0,1.013,,41.2,South Tarawa,68.1,92.0,,English,0.002,0.2,117606.0,,0.22,0.327,,64489.0
Kuwait,240,KW,0.084,17818.0,25000.0,13.94,Kuwait City,98734.0,126.6,0.011,KWD,2.08,0.004,0.35,134761198946.0,0.924,0.544,6.7,Kuwait City,75.4,12.0,0.95,Modern Standard Arabic,0.144,2.58,4207083.0,0.735,0.014,0.13,0.0218,4207083.0
Kyrgyzstan,34,KG,0.55,199951.0,21000.0,27.1,Bishkek,9787.0,155.68,0.011,KGS,3.3,0.033,0.56,8454619608.0,1.076,0.413,16.9,Bishkek,71.4,60.0,0.09,Russian,0.482,1.88,6456900.0,0.598,0.18,0.29,0.0633,2362644.0
Laos,32,LA,0.103,236800.0,129000.0,23.55,Vientiane,17763.0,135.87,0.033,LAK,2.67,0.821,0.93,18173839128.0,1.024,0.15,37.6,Vientiane,67.6,185.0,0.83,Lao,0.454,0.37,7169455.0,0.785,0.129,0.241,0.0063,2555552.0
Latvia,30,LV,0.311,64589.0,6000.0,10.0,Riga,7004.0,116.86,0.028,EUR,1.6,0.54,1.16,34117202555.0,0.994,0.881,3.3,Riga,74.7,19.0,2.8,Latvian,0.416,3.19,1912789.0,0.614,0.229,0.381,0.0652,1304943.0
Lebanon,667,LB,0.643,10400.0,80000.0,17.55,Beirut,24796.0,130.02,0.03,LBP,2.09,0.134,0.74,53367042272.0,0.951,0.263,6.4,"Tripoli, Lebanon",78.9,29.0,2.15,Arabic,0.321,2.1,6855713.0,0.47,0.153,0.322,0.0623,6084994.0
Lesotho,71,LS,0.776,30355.0,2000.0,26.81,Maseru,2512.0,155.86,0.052,,3.14,0.016,0.7,2460072444.0,1.209,0.102,65.7,Maseru,53.7,544.0,0.41,English,0.169,0.07,2125268.0,0.679,0.316,0.136,0.2341,607508.0
Liberia,53,LR,0.28,111369.0,2000.0,33.04,Monrovia,1386.0,223.13,0.236,,4.32,0.431,0.8,3070518100.0,0.851,0.119,53.5,Monrovia,63.7,661.0,0.17,English,0.196,0.04,4937374.0,0.763,0.129,0.462,0.0281,2548426.0
Libya,4,LY,0.087,1759540.0,0.0,18.83,,50564.0,125.71,0.026,LYD,2.24,0.001,0.11,52076250948.0,1.09,0.605,10.2,,72.7,72.0,1.88,Arabic,0.367,2.09,6777452.0,0.497,,0.326,0.1856,5448597.0
Liechtenstein,238,LI,0.322,160.0,,9.9,Vaduz,51.0,,,CHF,1.44,0.431,1.74,6552858739.0,1.047,0.356,,Schaan,83.0,,,German,,,38019.0,,,0.216,,5464.0
Lithuania,43,LT,0.472,65300.0,34000.0,10.0,Vilnius,12963.0,118.38,0.023,EUR,1.63,0.348,1.16,54219315600.0,1.039,0.724,3.3,Vilnius,75.7,8.0,2.41,Lithuanian,0.321,6.35,2786844.0,0.616,0.169,0.426,0.0635,1891013.0
Luxembourg,242,LU,0.537,2586.0,2000.0,10.3,Luxembourg City,8988.0,115.09,0.017,EUR,1.37,0.357,1.19,71104919108.0,1.023,0.192,1.9,Luxembourg City,82.1,5.0,13.05,Luxembourgish,0.106,3.01,645397.0,0.593,0.265,0.204,0.0536,565488.0
Madagascar,48,MG,0.712,587041.0,22000.0,32.66,Antananarivo,3905.0,184.33,0.056,MGA,4.08,0.214,1.11,14083906357.0,1.425,0.054,38.2,Antananarivo,66.7,335.0,0.21,French,0.217,0.18,26969307.0,0.861,0.102,0.383,0.0176,10210849.0
Malawi,203,MW,0.614,118484.0,15000.0,34.12,Lilongwe,1298.0,418.34,0.094,MWK,4.21,0.332,1.15,7666704427.0,1.425,0.008,35.3,Lilongwe,63.8,349.0,0.12,English,0.11,0.04,18628747.0,0.767,0.173,0.345,0.0565,3199301.0
Malaysia,99,MY,0.263,329847.0,136000.0,16.75,Kuala Lumpur,248289.0,121.46,0.007,MYR,2.0,0.676,0.45,364701517788.0,1.053,0.451,6.7,Johor Bahru,76.0,29.0,0.93,Malaysian language,0.367,1.51,32447385.0,0.643,0.12,0.387,0.0332,24475766.0
Maldives,1802,MV,0.263,298.0,5000.0,14.2,MalÔøΩ,1445.0,99.7,0.002,,1.87,0.033,1.63,5729248472.0,0.971,0.312,7.4,MalÔøΩ,78.6,53.0,,Divehi,0.164,4.56,530953.0,0.698,0.195,0.302,0.0614,213645.0
Mali,17,ML,0.338,1240192.0,18000.0,41.54,Bamako,3179.0,108.73,-0.017,XOF,5.88,0.038,1.12,17510141171.0,0.756,0.045,62.0,Bamako,58.9,562.0,0.23,French,0.463,0.13,19658031.0,0.708,0.116,0.545,0.0722,8479688.0
Malta,1380,MT,0.324,316.0,2000.0,9.2,Valletta,1342.0,113.45,0.016,EUR,1.23,0.011,1.36,14786156563.0,1.05,0.543,6.1,Birkirkara,82.3,6.0,5.07,Maltese,0.371,2.86,502653.0,0.565,0.262,0.44,0.0347,475902.0
Marshall Islands,329,MH,0.639,181.0,,29.03,Majuro,143.0,,,USD,4.05,0.702,1.44,221278000.0,0.847,0.237,27.4,Majuro,65.2,,2.0,Marshallese,0.1,0.42,58791.0,,0.178,0.659,,45514.0
Mauritania,5,MR,0.385,1030700.0,21000.0,33.69,Nouakchott,2739.0,135.02,0.023,MRU,4.56,0.002,1.13,7593752450.0,0.999,0.05,51.5,Nouakchott,64.7,766.0,0.53,Arabic,0.482,0.19,4525696.0,0.459,,0.67,0.0955,2466821.0
Mauritius,626,MU,0.424,2040.0,3000.0,10.2,Port Louis,4349.0,129.91,0.004,MUR,1.41,0.19,1.12,14180444557.0,1.011,0.406,13.6,Port Louis,74.4,61.0,0.38,French,0.507,2.53,1265711.0,0.583,0.191,0.222,0.0667,515980.0
Mexico,66,MX,0.546,1964375.0,336000.0,17.6,Mexico City,486406.0,141.54,0.036,MXN,2.13,0.339,0.73,1258286717125.0,1.058,0.402,11.0,Mexico City,75.0,33.0,0.49,,0.414,2.38,126014024.0,0.607,0.131,0.551,0.0342,102626859.0
Federated States of Micronesia,784,FM,0.314,702.0,,22.82,Palikir,143.0,112.1,0.005,USD,3.05,0.919,,401932279.0,0.972,0.141,25.6,Palikir,67.8,88.0,,English,0.025,0.18,113815.0,,0.252,0.605,,25963.0
Moldova,123,MD,0.742,33851.0,7000.0,10.1,ChiÔøΩÔøΩÔøΩÔøΩ,5115.0,166.2,0.048,MDL,1.26,0.126,0.8,11955435457.0,0.906,0.398,13.6,ChiÔøΩÔøΩÔøΩÔøΩ,71.8,19.0,0.31,Romanian,0.462,3.21,2657637.0,0.431,0.177,0.387,0.0547,1135502.0
Monaco,26337,MC,,2.0,,5.9,Monaco City,,,,EUR,,,2.0,7184844193.0,,,2.6,Monaco City,,,11.72,French,0.061,6.56,38964.0,,,,,38964.0
Mongolia,2,MN,0.715,1564116.0,18000.0,24.13,Ulaanbaatar,25368.0,195.76,0.073,MNT,2.9,0.08,0.72,13852850259.0,1.04,0.656,14.0,Ulaanbaatar,69.7,45.0,0.65,Mongolian,0.393,2.86,3225167.0,0.597,0.168,0.257,0.0601,2210626.0
Montenegro,47,ME,0.19,13812.0,12000.0,11.73,Podgorica,2017.0,116.32,0.026,EUR,1.75,0.615,1.16,5494736901.0,1.0,0.561,2.3,Podgorica,76.8,6.0,1.23,Montenegrin language,0.318,2.76,622137.0,0.544,,0.222,0.1488,417765.0
Morocco,83,MA,0.685,446550.0,246000.0,18.94,Rabat,61276.0,111.07,0.002,MAD,2.42,0.126,0.99,118725279596.0,1.139,0.359,19.2,Casablanca,76.5,70.0,1.6,Arabic,0.531,0.73,36910560.0,0.453,0.219,0.458,0.0902,22975026.0
Mozambique,40,MZ,0.635,799380.0,11000.0,37.52,Maputo,7943.0,182.31,0.028,MZN,4.85,0.48,0.65,14934159926.0,1.126,0.073,54.0,Maputo,60.2,289.0,0.27,Portuguese,0.068,0.08,30366036.0,0.781,0.0,0.361,0.0324,11092106.0
Myanmar,83,MM,0.195,676578.0,513000.0,17.55,Naypyidaw,25280.0,168.18,0.088,MMK,2.15,0.436,0.54,76085852617.0,1.123,0.188,36.8,Yangon,66.9,250.0,0.39,Burmese,0.739,0.68,54045420.0,0.617,0.054,0.312,0.0158,16674093.0
Namibia,3,,0.471,824292.0,16000.0,28.64,Windhoek,4228.0,157.97,0.037,,3.4,0.083,0.76,12366527719.0,1.242,0.229,29.0,Windhoek,63.4,195.0,,English,0.083,0.42,2494530.0,0.595,0.271,0.207,0.2027,1273258.0
Nauru,541,NR,,21.0,,,Yaren District,,,,AUD,,,,133000000.0,,,,,,,,English,,,10084.0,,,,,
Nepal,203,NP,0.287,147181.0,112000.0,19.89,Kathmandu,9105.0,188.73,0.056,NPR,1.92,0.254,0.91,30641380604.0,1.421,0.124,26.7,Kathmandu,70.5,186.0,0.36,Nepali,0.604,0.75,28608710.0,0.838,0.207,0.418,0.0141,5765513.0
Netherlands,508,NL,0.533,41543.0,41000.0,9.7,Amsterdam,170780.0,115.91,0.026,,1.59,0.112,1.68,909070395161.0,1.042,0.85,3.3,Amsterdam,81.8,5.0,10.29,Dutch,0.123,3.61,17332850.0,0.636,0.23,0.412,0.032,15924729.0
New Zealand,18,NZ,0.405,268838.0,9000.0,11.98,Wellington,34382.0,114.24,0.016,NZD,1.71,0.386,1.4,206928765544.0,1.0,0.82,4.7,Auckland,81.9,9.0,11.49,English,0.126,3.59,4841000.0,0.699,0.29,0.346,0.0407,4258860.0
Nicaragua,55,NI,0.421,130370.0,12000.0,20.64,Managua,5592.0,162.74,0.054,NIO,2.4,0.259,0.91,12520915291.0,1.206,0.174,15.7,Managua,74.3,98.0,0.54,Spanish,0.36,0.98,6545502.0,0.664,0.156,0.606,0.0684,3846137.0
Niger,19,NE,0.361,1267000.0,10000.0,46.08,Niamey,2017.0,109.32,-0.025,XOF,6.91,0.009,0.88,12928145120.0,0.747,0.044,48.0,Niamey,62.0,509.0,0.29,French,0.523,0.04,23310715.0,0.72,0.118,0.472,0.0047,3850231.0
Nigeria,226,NG,0.777,923768.0,215000.0,37.91,Abuja,120369.0,267.51,0.114,NGN,5.39,0.072,0.46,448120428859.0,0.847,0.102,75.7,Lagos,54.3,917.0,0.54,English,0.722,0.38,200963599.0,0.529,0.015,0.348,0.081,102806948.0
North Korea,214,KP,0.218,120538.0,1469000.0,13.89,Pyongyang,28284.0,,,KPW,1.9,0.407,0.58,32100000000.0,1.128,0.27,13.7,Pyongyang,72.1,89.0,,Korean,,3.67,25666161.0,0.804,,,0.0274,15947412.0
North Macedonia,83,,,25713.0,,,Skopje,,,,MKD,,,,10220781069.0,,,,Skopje,,,,Macedonian,0.356,,1836713.0,,,,,
Norway,15,NO,0.027,323802.0,23000.0,10.4,Oslo,41023.0,120.27,0.022,NOK,1.56,0.332,1.78,403336363636.0,1.003,0.82,2.1,Oslo,82.8,2.0,,Norwegian,0.143,2.92,5347896.0,0.638,0.239,0.362,0.0335,4418218.0
Oman,16,OM,0.046,309500.0,47000.0,19.19,Muscat,63457.0,113.53,0.001,OMR,2.89,0.0,0.45,76983094928.0,1.034,0.38,9.8,Seeb,77.6,19.0,4.33,Arabic,0.064,2.0,5266535.0,0.724,0.025,0.274,0.0267,4250777.0
Pakistan,287,PK,0.478,796095.0,936000.0,28.25,Islamabad,201150.0,182.32,0.106,PKR,3.51,0.019,0.79,304400000000.0,0.943,0.09,57.2,Karachi,67.1,140.0,0.69,Urdu,0.665,0.98,216565318.0,0.526,0.092,0.339,0.0445,79927762.0
Palau,39,PW,0.109,459.0,,14.0,Ngerulmud,224.0,118.17,0.013,USD,2.21,0.876,,283994900.0,1.126,0.547,16.6,Koror,69.1,,3.0,English,0.218,1.18,18233.0,,0.213,0.766,,14491.0
Palestinian National Authority,847,,,,,,,,,,,,,,,,,,,,,,Arabic,,,,,,,,
Panama,58,PA,0.304,75420.0,26000.0,18.98,Panama City,10715.0,122.07,-0.004,,2.46,0.619,0.74,66800800000.0,0.944,0.478,13.1,Panama City,78.3,52.0,1.53,Spanish,0.305,1.57,4246439.0,0.666,,0.372,0.039,2890084.0
Papua New Guinea,20,PG,0.026,462840.0,4000.0,27.07,Port Moresby,7536.0,155.99,0.036,PGK,3.56,0.741,1.36,24969611435.0,1.085,0.018,38.0,Port Moresby,64.3,145.0,1.16,Tok Pisin,0.058,0.07,8776109.0,0.472,0.136,0.371,0.0246,1162834.0
Paraguay,18,PY,0.551,406752.0,27000.0,20.57,AsunciÔøΩÔøΩ,7407.0,143.82,0.028,PYG,2.43,0.377,1.04,38145288940.0,1.044,0.346,17.2,Ciudad del Este,74.1,129.0,1.55,Spanish,0.365,1.35,7044636.0,0.721,0.1,0.35,0.0481,4359150.0
Peru,26,PE,0.185,1285216.0,158000.0,17.95,Lima,57414.0,129.78,0.021,PEN,2.25,0.577,0.99,226848050820.0,1.069,0.707,11.1,Lima,76.5,88.0,1.28,Spanish,0.309,1.27,32510453.0,0.776,0.143,0.368,0.0331,25390339.0
Philippines,368,PH,0.417,300000.0,153000.0,20.55,Manila,122287.0,129.61,0.025,PHP,2.58,0.278,0.86,376795508680.0,1.075,0.355,22.5,Manila,71.1,121.0,1.12,English,0.535,0.6,108116615.0,0.596,0.14,0.431,0.0215,50975903.0
Poland,124,PL,0.469,312685.0,191000.0,10.2,Warsaw,299037.0,114.11,0.022,PLN,1.46,0.309,1.07,592164400688.0,1.0,0.678,3.8,Warsaw,77.6,2.0,2.93,Polish,0.232,2.38,37970874.0,0.567,0.174,0.408,0.0347,22796574.0
Portugal,111,PT,0.395,92212.0,52000.0,8.5,Lisbon,48742.0,110.62,0.003,EUR,1.38,0.346,1.54,237686075635.0,1.062,0.639,3.1,Lisbon,81.3,8.0,3.78,Portuguese,0.277,5.12,10269417.0,0.588,0.228,0.398,0.0633,6753579.0
Qatar,248,QA,0.058,11586.0,22000.0,9.54,Doha,103259.0,115.38,-0.007,QAR,1.87,0.0,0.4,183466208791.0,1.038,0.179,5.8,Doha,80.1,9.0,,Arabic,0.062,2.49,2832067.0,0.868,0.147,0.113,0.0009,2809071.0
Romania,84,RO,0.588,238391.0,126000.0,9.6,Bucharest,69259.0,123.78,0.038,RON,1.71,0.301,1.16,250077444017.0,0.852,0.494,6.1,Bucharest,75.4,19.0,2.25,Romanian,0.213,2.98,19356544.0,0.547,0.146,0.2,0.0398,10468793.0
Russia,9,RU,0.133,17098240.0,1454000.0,11.5,Moscow,1732027.0,180.75,0.045,RUB,1.57,0.498,0.59,1699876578871.0,1.026,0.819,6.1,Moscow,72.7,17.0,0.53,Russian,0.364,4.01,144373535.0,0.618,0.114,0.462,0.0459,107683889.0
Rwanda,525,RW,0.734,26338.0,35000.0,31.7,Kigali,1115.0,151.09,0.034,RWF,4.04,0.197,1.17,10122472590.0,1.33,0.067,27.0,Kigali,68.7,248.0,,Swahili,0.26,0.13,12626950.0,0.837,0.143,0.332,0.0103,2186104.0
Saint Kitts and Nevis,205,KN,0.231,261.0,,12.6,Basseterre,238.0,104.57,-0.01,XCD,2.11,0.423,,1050992593.0,1.087,0.867,9.8,Basseterre,71.3,,3.33,English,0.566,2.52,52823.0,,0.185,0.497,,16269.0
Saint Lucia,301,LC,0.174,616.0,,12.0,Castries,414.0,110.13,0.019,XCD,1.44,0.332,1.3,2122450630.0,1.026,0.141,14.9,Castries,76.1,117.0,,English,0.484,0.64,182790.0,0.671,0.182,0.347,0.2071,34280.0
Saint Vincent and the Grenadines,284,VC,0.256,389.0,,14.24,Kingstown,220.0,109.67,0.023,XCD,1.89,0.692,,825385185.0,1.134,0.237,14.8,Calliaqua,72.4,68.0,1.16,English,0.214,0.66,100455.0,0.659,0.254,0.37,0.1888,58185.0
Samoa,70,WS,0.124,2831.0,,24.38,Apia,246.0,117.56,0.01,WST,3.88,0.604,0.91,850655017.0,1.105,0.076,13.6,Apia,73.2,43.0,0.78,Samoan,0.115,0.34,202506.0,0.437,0.255,0.193,0.0836,35588.0
San Marino,566,SM,0.167,61.0,,6.8,City of San Marino,,110.63,0.01,EUR,1.26,0.0,,1637931034.0,1.081,0.425,1.7,City of San Marino,85.4,,,Italian,0.183,6.11,33860.0,,0.181,0.362,,32969.0
SÔøΩÔøΩÔøΩÔøΩÔøΩÔøΩÔøΩÔøΩÔøΩÔøΩÔøΩ,228,ST,0.507,964.0,1000.0,31.54,SÔøΩÔøΩÔøΩÔøΩ,121.0,185.09,0.079,STN,4.32,0.558,,429016605.0,1.068,0.134,24.4,SÔøΩÔøΩÔøΩÔøΩ,70.2,130.0,,,0.117,0.05,215056.0,0.578,0.146,0.37,0.1337,158277.0
Saudi Arabia,16,SA,0.808,2149690.0,252000.0,17.8,Riyadh,563449.0,118.4,-0.012,SAR,2.32,0.005,0.24,792966838162.0,0.998,0.68,6.0,Riyadh,75.0,17.0,3.85,Arabic,0.15,2.61,34268528.0,0.559,0.089,0.157,0.0593,28807838.0
Senegal,87,SN,0.461,196722.0,19000.0,34.52,Dakar,10902.0,109.25,0.018,XOF,4.63,0.428,1.14,23578084052.0,0.81,0.128,31.8,Pikine,67.7,315.0,0.31,French,0.442,0.07,16296364.0,0.457,0.163,0.448,0.066,7765706.0
Serbia,100,RS,0.393,77474.0,32000.0,9.2,Belgrade,45221.0,144.0,0.018,RSD,1.49,0.311,1.16,51409167351.0,1.003,0.672,4.8,Belgrade,75.5,12.0,1.57,Serbian,0.406,3.11,6944975.0,0.549,0.186,0.366,0.1269,3907243.0
Seychelles,214,SC,0.034,455.0,0.0,17.1,"Victoria, Seychelles",605.0,129.96,0.018,SCR,2.41,0.884,,1698843063.0,1.004,0.171,12.4,"Victoria, Seychelles",72.8,53.0,2.0,French,0.025,0.95,97625.0,,0.341,0.301,,55762.0
Sierra Leone,111,SL,0.547,71740.0,9000.0,33.41,Freetown,1093.0,234.16,0.148,SLL,4.26,0.431,1.08,3941474311.0,1.128,0.02,78.5,Freetown,54.3,1120.0,0.57,English,0.382,0.03,7813215.0,0.579,0.086,0.307,0.0443,3319366.0
Singapore,8358,SG,0.009,716.0,81000.0,8.8,,37535.0,114.41,0.006,SGD,1.14,0.231,1.25,372062527489.0,1.006,0.848,2.3,,83.1,8.0,,Malay,0.367,2.29,5703569.0,0.705,0.131,0.21,0.0411,5703569.0
Slovakia,114,SK,0.392,49035.0,16000.0,10.6,Bratislava,32424.0,115.34,0.027,EUR,1.52,0.404,1.32,105422304976.0,0.987,0.466,4.6,Bratislava,77.2,5.0,3.11,Slovak,0.184,3.42,5454073.0,0.595,0.187,0.497,0.0556,2930419.0
Slovenia,103,SI,0.307,20273.0,7000.0,9.4,Ljubljana,12633.0,111.05,0.016,EUR,1.6,0.62,1.32,53742159517.0,1.004,0.786,1.7,Ljubljana,81.0,7.0,5.25,Slovene language,0.125,3.09,2087946.0,0.584,0.186,0.31,0.042,1144654.0
Solomon Islands,25,SB,0.039,28896.0,,32.44,Honiara,169.0,133.06,0.016,SBD,4.4,0.779,,1425074226.0,1.062,,17.1,Honiara,72.8,104.0,0.4,English,0.033,0.19,669823.0,0.838,0.295,0.32,0.0058,162164.0
Somalia,25,SO,0.703,637657.0,20000.0,41.75,Mogadishu,645.0,,,SOS,6.07,0.1,1.41,4720727278.0,0.234,0.025,76.6,Bosaso,57.1,829.0,,Arabic,,0.02,15442905.0,0.474,0.0,,0.1135,7034861.0
South Africa,49,ZA,0.798,1219090.0,80000.0,20.51,Pretoria,476644.0,158.93,0.041,ZAR,2.41,0.076,0.92,351431649241.0,1.009,0.224,28.5,Johannesburg,63.9,119.0,,Afrikaans,0.077,0.91,58558270.0,0.56,0.275,0.292,0.2818,39149717.0
South Korea,527,KR,0.174,99720.0,634000.0,6.4,Seoul,620302.0,115.16,0.004,KRW,0.98,0.634,1.22,2029000000000.0,0.981,0.943,2.7,Seoul,82.6,11.0,6.49,Korean,0.368,2.36,51709098.0,0.63,0.156,0.332,0.0415,42106719.0
South Sudan,18,SS,,644329.0,185000.0,35.01,Juba,1727.0,4583.71,1.879,SSP,4.7,,0.28,11997800751.0,0.73,,63.7,Juba,57.6,1150.0,,English,0.613,,11062113.0,0.724,,0.314,0.1224,2201250.0
Spain,94,ES,0.526,505370.0,196000.0,7.9,Madrid,244002.0,110.96,0.007,EUR,1.26,0.369,1.26,1394116310769.0,1.027,0.889,2.5,Madrid,83.3,4.0,5.6,Spanish,0.242,3.87,47076781.0,0.575,0.142,0.47,0.1396,37927409.0
Sri Lanka,341,LK,0.437,65610.0,317000.0,15.83,Colombo,23362.0,155.53,0.035,LKR,2.2,0.329,0.88,84008783756.0,1.002,0.196,6.4,Colombo,76.8,36.0,0.35,Tamil,0.384,1.0,21803000.0,0.539,0.119,0.552,0.042,4052088.0
Sudan,25,SD,0.287,1861484.0,124000.0,32.18,Khartoum,20000.0,1344.19,0.51,SDG,4.41,0.081,0.95,18902284476.0,0.768,0.169,42.1,Omdurman,65.1,295.0,0.41,Arabic,0.632,0.26,42813238.0,0.484,0.08,0.454,0.1653,14957233.0
Suriname,4,SR,0.006,163820.0,2000.0,18.54,Paramaribo,1738.0,294.66,0.22,SRD,2.42,0.983,1.29,3985250737.0,1.088,0.126,16.9,Paramaribo,71.6,120.0,,Dutch,0.101,1.21,581372.0,0.511,0.195,0.279,0.0733,384258.0
Sweden,25,SE,0.074,450295.0,30000.0,11.4,Stockholm,43252.0,110.51,0.018,SEK,1.76,0.689,1.42,530832908738.0,1.266,0.67,2.2,SÔøΩÔøΩÔøΩÔøΩÔøΩ,82.5,4.0,,Swedish,0.152,3.98,10285453.0,0.646,0.279,0.491,0.0648,9021165.0
Switzerland,219,CH,0.384,41277.0,21000.0,10.0,Bern,34477.0,99.55,0.004,CHF,1.52,0.318,1.45,703082435360.0,1.052,0.596,3.7,ZÔøΩÔøΩÔøΩ,83.6,5.0,,German,0.283,4.3,8574832.0,0.683,0.101,0.288,0.0458,6332428.0
Syria,95,SY,0.758,185180.0,239000.0,23.69,Damascus,28830.0,143.2,0.367,SYP,2.81,0.027,0.83,40405006007.0,0.817,0.401,14.0,Damascus,71.8,31.0,1.02,Arabic,0.537,1.22,17070135.0,0.441,0.142,0.427,0.0837,9358019.0
Tajikistan,68,TJ,0.341,144100.0,17000.0,30.76,Dushanbe,5310.0,148.57,0.06,TJS,3.59,0.03,0.71,8116626794.0,1.009,0.313,30.4,Dushanbe,70.9,17.0,0.23,Persian,0.631,1.7,9321018.0,0.42,0.098,0.673,0.1102,2545477.0
Tanzania,67,TZ,0.448,947300.0,28000.0,36.7,Dodoma,11973.0,187.43,0.035,TZS,4.89,0.516,0.87,63177068175.0,0.942,0.04,37.6,Dar es Salaam,65.0,524.0,0.09,Swahili,0.261,0.01,58005463.0,0.834,0.115,0.438,0.0198,20011885.0
Thailand,137,TH,0.433,513120.0,455000.0,10.34,Bangkok,283763.0,113.27,0.007,THB,1.53,0.322,0.71,543649976166.0,0.998,0.493,7.8,Bangkok,76.9,37.0,1.06,Thai,0.118,0.81,69625582.0,0.673,0.149,0.295,0.0075,35294600.0
East Timor,89,TL,0.256,14874.0,2000.0,29.42,Dili,495.0,145.38,0.026,USD,4.02,0.454,1.1,1673540300.0,1.153,0.178,39.3,Dili,69.3,142.0,0.6,Portuguese,0.102,0.72,3500000.0,0.673,0.25,0.173,0.0455,400182.0
Togo,152,TG,0.702,56785.0,10000.0,33.11,LomÔøΩ,3000.0,113.3,0.007,XOF,4.32,0.031,0.71,5459979417.0,1.238,0.145,47.4,LomÔøΩ,60.8,396.0,0.34,French,0.51,0.08,8082366.0,0.776,0.169,0.482,0.0204,3414638.0
Tonga,147,TO,0.458,747.0,,24.3,NukuÔøΩÔøΩÔøΩÔøΩ,128.0,121.09,0.074,TOP,3.56,0.125,,450353314.0,1.163,0.064,13.4,NukuÔøΩÔøΩÔøΩÔøΩ,70.8,52.0,,Tongan Language,0.102,0.52,100209.0,0.598,0.223,0.275,0.0112,24145.0
Trinidad and Tobago,273,TT,0.105,5128.0,4000.0,12.94,Port of Spain,43868.0,141.75,0.01,TTD,1.73,0.46,0.54,24100202834.0,1.062,0.12,16.4,Chaguanas,73.4,67.0,2.25,English,0.373,4.17,1394973.0,0.6,0.195,0.405,0.0269,741944.0
Tunisia,76,TN,0.648,163610.0,48000.0,17.56,Tunis,29937.0,155.33,0.067,TND,2.2,0.068,0.73,38797709924.0,1.154,0.317,14.6,Tunis,76.5,43.0,0.47,Arabic,0.398,1.3,11694719.0,0.461,0.211,0.607,0.1602,8099061.0
Turkey,110,TR,0.498,783562.0,512000.0,16.03,Ankara,372725.0,234.44,0.152,TRY,2.07,0.154,1.42,754411708203.0,0.932,0.239,9.1,Istanbul,77.4,17.0,3.45,Turkish,0.169,1.85,83429615.0,0.528,0.179,0.423,0.1349,63097818.0
Turkmenistan,13,TM,0.72,488100.0,42000.0,23.83,Ashgabat,70630.0,,,TMT,2.79,0.088,0.29,40761142857.0,0.884,0.08,39.3,Ashgabat,68.1,7.0,0.88,Turkmen,0.711,2.22,5942089.0,0.645,,,0.0391,3092738.0
Tuvalu,393,TV,0.6,26.0,,,Funafuti,11.0,,,AUD,,0.333,,47271463.0,0.86,,20.6,Singapore,,,,Tuvaluan Language,0.007,0.92,11646.0,,,,,7362.0
Uganda,229,UG,0.719,241038.0,46000.0,38.14,Kampala,5680.0,173.87,0.029,UGX,4.96,0.097,0.94,34387229486.0,1.027,0.048,33.8,Buganda,63.0,375.0,0.01,Swahili,0.405,0.17,44269594.0,0.703,0.117,0.337,0.0184,10784516.0
Ukraine,75,UA,0.717,603550.0,297000.0,8.7,Kyiv,202250.0,281.66,0.079,UAH,1.3,0.167,0.83,153781069118.0,0.99,0.827,7.5,Kyiv,71.6,19.0,0.84,Ukrainian,0.478,2.99,44385155.0,0.542,0.201,0.452,0.0888,30835699.0
United Arab Emirates,118,AE,0.055,83600.0,63000.0,10.33,Abu Dhabi,206324.0,114.52,-0.019,AED,1.41,0.046,0.49,421142267938.0,1.084,0.368,6.5,Dubai,77.8,3.0,,Arabic,0.178,2.53,9770529.0,0.821,0.001,0.159,0.0235,8479744.0
United Kingdom,281,GB,0.717,243610.0,148000.0,11.0,London,379025.0,119.62,0.017,GBP,1.68,0.131,1.46,2827113184696.0,1.012,0.6,3.6,London,81.3,7.0,10.13,English,0.148,2.81,66834405.0,0.628,0.255,0.306,0.0385,55908316.0
United States,36,US,0.444,9833517.0,1359000.0,11.6,"Washington, D.C.",5006302.0,117.24,0.075,USD,1.73,0.339,0.71,21427700000000.0,1.018,0.882,5.6,New York City,78.5,19.0,7.25,,0.111,2.61,328239523.0,0.62,0.096,0.366,0.147,270663028.0
Uruguay,20,UY,0.826,176215.0,22000.0,13.86,Montevideo,6766.0,202.92,0.079,UYU,1.97,0.107,1.5,56045912952.0,1.085,0.631,6.4,Montevideo,77.8,17.0,1.66,Spanish,0.162,5.05,3461734.0,0.64,0.201,0.418,0.0873,3303394.0
Uzbekistan,79,UZ,0.629,447400.0,68000.0,23.3,Tashkent,91811.0,,,UZS,2.42,0.075,1.03,57921286440.0,1.042,0.101,19.1,Tashkent,71.6,29.0,0.24,Uzbek,0.427,2.37,33580650.0,0.651,0.148,0.316,0.0592,16935729.0
Vanuatu,25,VU,0.153,12189.0,,29.6,Port Vila,147.0,117.13,0.028,VUV,3.78,0.361,1.31,917058851.0,1.093,0.047,22.3,Port Vila,70.3,72.0,1.56,French,0.089,0.17,299882.0,0.699,0.178,0.085,0.0439,76152.0
Venezuela,32,VE,0.245,912050.0,343000.0,17.88,Caracas,164175.0,2740.27,2.549,VED,2.27,0.527,0.0,482359318768.0,0.972,0.793,21.4,Caracas,72.1,125.0,0.01,Spanish,0.458,1.92,28515829.0,0.597,,0.733,0.088,25162368.0
Vietnam,314,VN,0.393,331210.0,522000.0,16.75,Hanoi,192668.0,163.52,0.028,VND,2.05,0.481,0.8,261921244843.0,1.106,0.285,16.5,Ho Chi Minh City,75.3,43.0,0.73,Vietnamese,0.435,0.82,96462106.0,0.774,0.191,0.376,0.0201,35332140.0
Yemen,56,YE,0.446,527968.0,40000.0,30.45,Sanaa,10609.0,157.58,0.081,YER,3.79,0.01,0.92,26914402224.0,0.936,0.102,42.9,Sanaa,66.1,164.0,,Arabic,0.81,0.31,29161922.0,0.38,,0.266,0.1291,10869523.0
Zambia,25,ZM,0.321,752618.0,16000.0,36.19,Lusaka,5141.0,212.31,0.092,ZMW,4.63,0.652,1.4,23064722446.0,0.987,0.041,40.4,Lusaka,63.5,213.0,0.24,English,0.275,1.19,17861030.0,0.746,0.162,0.156,0.1143,7871713.0
Zimbabwe,38,ZW,0.419,390757.0,51000.0,30.68,Harare,10983.0,105.51,0.009,,3.62,0.355,1.34,21440758800.0,1.099,0.1,33.9,Harare,61.2,458.0,,Shona,0.258,0.21,14645468.0,0.831,0.207,0.316,0.0495,4717305.0
